voyage_id,vessel_name,arrival_port,cargo_volume_teu,days_in_port,demurrage_costs_usd,fuel_consumed_mt,co2_emissions_mt,cii_rating
V-2026-001,Maersk Camacari,Apapa,4341,6,3500,234.312125206885,729.6479578942399,B
V-2026-002,Maersk Herrera,Luanda,7516,4,0,162.8589210082004,507.14268001953604,A
V-2026-003,Maersk Hangzhou,Apapa,4955,11,21000,466.5071247001735,1452.7031863163402,D
V-2026-004,Maersk Herrera,Tin Can Island,3024,5,0,213.3597426554286,664.4022386290046,B
V-2026-005,Maersk Herrera,Apapa,8125,14,31500,605.190649262737,1884.563681804163,E
V-2026-006,Maersk Mc-Kinney,Apapa,5450,12,24500,509.3053988331958,1585.9770119665716,D
V-2026-007,Maersk Hangzhou,Apapa,6631,17,42000,710.7767026064746,2213.358651916562,E
V-2026-008,Maersk Hangzhou,Apapa,7280,14,31500,523.2509059809457,1629.403321224665,E
V-2026-009,Maersk Hangzhou,Tin Can Island,6615,14,31500,546.0312050020835,1700.341172376488,E
V-2026-010,Maersk Herrera,Tin Can Island,4868,14,31500,556.8800847232319,1734.124583828144,E
V-2026-011,Maersk Camacari,Tin Can Island,6347,6,3500,214.97347930160126,669.4274145451863,B
V-2026-012,Maersk Hangzhou,Apapa,6995,7,7000,281.9859084908046,878.1041190403655,C
V-2026-013,Maersk Herrera,Apapa,5201,13,28000,511.72365810885225,1593.507471350966,D
V-2026-014,Maersk Mc-Kinney,Apapa,3471,11,21000,473.23201739294075,1473.6445021616175,D
V-2026-015,Maersk Camacari,Apapa,3666,8,10500,358.23205350034164,1115.5346146000638,C
V-2026-016,Maersk Mc-Kinney,Tin Can Island,7711,14,31500,567.8407054099619,1768.2559566466211,E
V-2026-017,Maersk Camacari,Tin Can Island,7429,9,14000,344.04177494498254,1071.3460871786756,C
V-2026-018,Maersk Herrera,Apapa,8419,6,3500,212.60404699789035,662.0490023514305,B
V-2026-019,Maersk Mc-Kinney Moller,Apapa,5274,17,42000,752.1893661380112,2342.3176861537668,E
V-2026-020,Maersk Camacari,Apapa,4482,15,35000,662.867357291799,2064.168950606662,E
V-2026-021,Maersk Mc-Kinney,Tin Can Island,3353,17,42000,638.008328558171,1986.7579351301445,E
V-2026-022,Maersk Herrera,Tema,6646,5,0,209.77055615533237,653.225511867705,B
V-2026-023,Maersk Camacari,Apapa,6236,8,10500,286.0347637671815,890.7122543710032,C
V-2026-024,Maersk Mc-Kinney Moller,Luanda,6269,2,0,73.32430863818506,228.33189709930826,A
V-2026-025,Maersk Mc-Kinney Moller,Apapa,3074,9,14000,334.51281959278424,1041.67292021193,C
V-2026-026,Maersk Hangzhou,Luanda,5761,2,0,75.88987893678859,236.32108300915965,A
V-2026-027,Maersk Hangzhou,Tin Can Island,3648,13,28000,584.4580787538182,1820.0024572393897,D
V-2026-028,Maersk Mc-Kinney,Apapa,4215,8,10500,335.7540044691052,1045.5379699167936,C
V-2026-029,Maersk Camacari,Apapa,7277,14,31500,543.7882563930908,1693.3566304080848,E
V-2026-030,Maersk Camacari,Tin Can Island,7433,9,14000,381.3390635258718,1187.4898438195646,C
V-2026-031,Maersk Hangzhou,Tin Can Island,6354,13,28000,573.9830644169838,1787.3832625944874,D
V-2026-032,Maersk Camacari,Tin Can Island,7673,12,24500,535.0442888889415,1666.127915600164,D
V-2026-033,Maersk Camacari,Tin Can Island,4991,7,7000,249.0504728430395,775.543172433225,C
V-2026-034,Maersk Mc-Kinney Moller,Tin Can Island,5160,5,0,194.7260899304065,606.3770440432858,B
V-2026-035,Maersk Hangzhou,Tin Can Island,5624,7,7000,252.47292461551194,786.2006872527041,C
V-2026-036,Maersk Herrera,Apapa,8191,8,10500,306.852805183757,955.5396353422193,C
V-2026-037,Maersk Hangzhou,Apapa,5551,6,3500,220.18079423373393,685.6429932438474,B
V-2026-038,Maersk Herrera,Apapa,2504,5,0,207.3424180834362,645.6642899118203,B
V-2026-039,Maersk Mc-Kinney Moller,Tema,7722,4,0,155.5307353595949,484.3227099097785,A
V-2026-040,Maersk Mc-Kinney,Tin Can Island,7815,12,24500,447.527369484594,1393.6002285750255,D
V-2026-041,Maersk Camacari,Luanda,7369,4,0,150.63751699856957,469.08522793354564,A
V-2026-042,Maersk Mc-Kinney Moller,Apapa,3376,9,14000,347.43105856847416,1081.9003163822285,C
V-2026-043,Maersk Camacari,Tema,3491,5,0,187.99749314271313,585.4241936464086,B
V-2026-044,Maersk Mc-Kinney,Tema,6642,2,0,79.06481693657662,246.20783994049958,A
V-2026-045,Maersk Mc-Kinney,Apapa,6864,11,21000,388.5547546220616,1209.9595058930997,D
V-2026-046,Maersk Mc-Kinney Moller,Tin Can Island,6965,17,42000,642.5597962187207,2000.9312054250963,E
V-2026-047,Maersk Mc-Kinney,Tin Can Island,3135,11,21000,430.23273929594046,1339.7447501675585,D
V-2026-048,Maersk Herrera,Luanda,7725,2,0,82.05563764046597,255.52125561241104,A
V-2026-049,Maersk Mc-Kinney,Apapa,4193,7,7000,263.9670349760591,821.993346915448,C
V-2026-050,Maersk Camacari,Apapa,4182,13,28000,472.31406627908746,1470.7860023930782,D
V-2026-051,Maersk Camacari,Tema,7252,3,0,107.2860113879749,334.0886394621538,A
V-2026-052,Maersk Camacari,Tema,2619,2,0,88.81063654270767,276.55632219399166,A
V-2026-053,Maersk Camacari,Apapa,3330,5,0,195.83195288692394,609.8207012898812,B
V-2026-054,Maersk Herrera,Apapa,8406,8,10500,326.4930096944661,1016.6992321885673,C
V-2026-055,Maersk Hangzhou,Luanda,6175,5,0,220.95882759177798,688.0657891207966,B
V-2026-056,Maersk Mc-Kinney Moller,Apapa,7677,13,28000,465.7572946045898,1450.3682153986927,D
V-2026-057,Maersk Camacari,Tin Can Island,3869,10,17500,437.66614859257925,1362.8923867172916,D
V-2026-058,Maersk Mc-Kinney,Tema,3240,2,0,81.0317574508814,252.33289270204466,A
V-2026-059,Maersk Camacari,Tin Can Island,2616,15,35000,549.7251391705502,1711.844083377093,E
V-2026-060,Maersk Mc-Kinney,Tema,8449,4,0,156.45020466341475,487.1859373218735,A
V-2026-061,Maersk Mc-Kinney,Apapa,5338,5,0,213.8801141867613,666.0226755775747,B
V-2026-062,Maersk Camacari,Tin Can Island,3650,8,10500,318.42960654930835,991.5897947945462,C
V-2026-063,Maersk Herrera,Tin Can Island,4431,16,38500,717.6457681064807,2234.748921883581,E
V-2026-064,Maersk Mc-Kinney,Apapa,3512,17,42000,659.04562488945,2052.268075905747,E
V-2026-065,Maersk Mc-Kinney,Apapa,4164,13,28000,552.4451789968894,1720.3142873963134,D
V-2026-066,Maersk Camacari,Luanda,3581,4,0,155.71957795915438,484.91076576480674,A
V-2026-067,Maersk Mc-Kinney,Tin Can Island,7229,16,38500,692.6662753130423,2156.9627813248135,E
V-2026-068,Maersk Mc-Kinney,Apapa,3012,13,28000,528.9805909915473,1647.245560347678,D
V-2026-069,Maersk Camacari,Luanda,5349,4,0,142.54047318360006,443.8710334937306,A
V-2026-070,Maersk Camacari,Luanda,7715,5,0,176.84109338179957,550.6831647909238,B
V-2026-071,Maersk Mc-Kinney Moller,Tin Can Island,7737,8,10500,290.70816950405066,905.2652398356137,C
V-2026-072,Maersk Herrera,Luanda,3059,4,0,140.5468785930799,437.66297993885075,A
V-2026-073,Maersk Herrera,Apapa,6172,14,31500,500.5502684493447,1558.7135359512592,E
V-2026-074,Maersk Mc-Kinney,Apapa,7083,9,14000,377.2542957452021,1174.7698769505594,C
V-2026-075,Maersk Herrera,Tema,7492,2,0,80.68692550058927,251.25908600883497,A
V-2026-076,Maersk Mc-Kinney,Tema,5843,4,0,169.99642997879886,529.3688829539797,A
V-2026-077,Maersk Mc-Kinney Moller,Luanda,7808,5,0,220.65828761288216,687.129907626515,B
V-2026-078,Maersk Camacari,Tin Can Island,6570,13,28000,531.0694392023113,1653.7502336759974,D
V-2026-079,Maersk Camacari,Luanda,7299,5,0,211.30604220359237,658.0070154219866,B
V-2026-080,Maersk Camacari,Luanda,3970,4,0,170.28324808169825,530.2620345264083,A
V-2026-081,Maersk Herrera,Luanda,3080,2,0,77.55701098551573,241.51253220889598,A
V-2026-082,Maersk Mc-Kinney Moller,Tema,4794,5,0,187.0542416164816,582.4869083937236,B
V-2026-083,Maersk Herrera,Tin Can Island,5647,9,14000,333.4540795655872,1038.3760037672387,C
V-2026-084,Maersk Herrera,Tin Can Island,6749,11,21000,412.6586683462978,1285.0190932303713,D
V-2026-085,Maersk Mc-Kinney Moller,Apapa,4179,13,28000,490.71513361336815,1528.0869260720283,D
V-2026-086,Maersk Mc-Kinney Moller,Luanda,6006,4,0,148.28910596032225,461.77227596044344,A
V-2026-087,Maersk Mc-Kinney Moller,Luanda,7592,2,0,87.56441334958384,272.67558317060406,A
V-2026-088,Maersk Mc-Kinney Moller,Apapa,5244,9,14000,383.12992189550056,1193.0665767825888,C
V-2026-089,Maersk Camacari,Apapa,5856,14,31500,496.56550549077076,1546.30498409826,E
V-2026-090,Maersk Hangzhou,Tin Can Island,6545,14,31500,527.6141474835431,1642.9904552637531,E
V-2026-091,Maersk Hangzhou,Tin Can Island,3743,11,21000,387.44032162333315,1206.4891615350593,D
V-2026-092,Maersk Mc-Kinney Moller,Luanda,7688,3,0,119.9449555993768,373.5085917364593,A
V-2026-093,Maersk Hangzhou,Apapa,5618,14,31500,556.669497550462,1733.4688153721386,E
V-2026-094,Maersk Hangzhou,Apapa,7604,9,14000,389.82343410562515,1213.9101738049167,C
V-2026-095,Maersk Mc-Kinney Moller,Tin Can Island,4641,7,7000,266.5444067839735,830.0192827252935,C
V-2026-096,Maersk Hangzhou,Apapa,8369,11,21000,474.80243087343683,1478.5347697398822,D
V-2026-097,Maersk Herrera,Apapa,7553,17,42000,759.5555401247699,2365.2559519485335,E
V-2026-098,Maersk Mc-Kinney,Tema,5559,4,0,143.53632893462586,446.9721283024249,A
V-2026-099,Maersk Mc-Kinney,Tema,7048,4,0,171.6727135787853,534.5888300843375,A
V-2026-100,Maersk Mc-Kinney Moller,Apapa,7823,6,3500,245.39735382825813,764.1673598211958,B
V-2026-101,Maersk Camacari,Tin Can Island,5459,16,38500,636.807354722956,1983.0181026072848,E
V-2026-102,Maersk Mc-Kinney Moller,Tin Can Island,4765,13,28000,509.6696512264598,1587.1112939191958,D
V-2026-103,Maersk Camacari,Tin Can Island,4979,14,31500,599.8535569522033,1867.9439763491612,E
V-2026-104,Maersk Mc-Kinney,Apapa,7146,14,31500,579.5105899763939,1804.5959771864907,E
V-2026-105,Maersk Mc-Kinney Moller,Tin Can Island,4135,16,38500,688.8071468030979,2144.9454551448466,E
V-2026-106,Maersk Herrera,Luanda,7908,2,0,88.06302117353252,274.22824793438025,A
V-2026-107,Maersk Hangzhou,Tin Can Island,4257,17,42000,699.9348310565397,2179.5970639100647,E
V-2026-108,Maersk Camacari,Luanda,6952,3,0,134.41388175277135,418.56482777812994,A
V-2026-109,Maersk Hangzhou,Tin Can Island,4570,11,21000,451.8896634496074,1407.1844119820773,D
V-2026-110,Maersk Hangzhou,Apapa,8381,17,42000,703.229534675788,2189.856770980404,E
V-2026-111,Maersk Mc-Kinney Moller,Tin Can Island,8377,12,24500,486.5778730250671,1515.203496600059,D
V-2026-112,Maersk Hangzhou,Tin Can Island,5349,14,31500,502.74029274718623,1565.533271614738,E
V-2026-113,Maersk Herrera,Luanda,5751,2,0,84.52794065300456,263.2200071934562,A
V-2026-114,Maersk Hangzhou,Apapa,6230,6,3500,242.84677841394668,756.2248679810299,B
V-2026-115,Maersk Mc-Kinney Moller,Tin Can Island,4989,15,35000,592.6365671124156,1845.4702699880622,E
V-2026-116,Maersk Herrera,Tin Can Island,4131,14,31500,617.4659789764582,1922.789058532691,E
V-2026-117,Maersk Mc-Kinney,Tema,5316,3,0,113.93878354625852,354.805371963049,A
V-2026-118,Maersk Hangzhou,Apapa,3515,9,14000,362.124204841351,1127.654773875967,C
V-2026-119,Maersk Mc-Kinney Moller,Luanda,3848,2,0,83.95283742986926,261.4291357566129,A
V-2026-120,Maersk Mc-Kinney,Tin Can Island,7111,9,14000,386.68245981064894,1204.1291798503607,C
V-2026-121,Maersk Mc-Kinney,Apapa,5587,10,17500,395.93468079461724,1232.9405959944381,D
V-2026-122,Maersk Camacari,Luanda,5339,4,0,173.68365660074838,540.8509066547305,A
V-2026-123,Maersk Herrera,Tema,2835,5,0,213.44588706576988,664.6704923228074,B
V-2026-124,Maersk Hangzhou,Luanda,8378,5,0,178.3117988925933,555.2629417515354,B
V-2026-125,Maersk Mc-Kinney Moller,Apapa,7092,17,42000,602.7964152887876,1877.1080372092845,E
V-2026-126,Maersk Camacari,Tin Can Island,3395,5,0,206.04028422110457,641.6094450645196,B
V-2026-127,Maersk Herrera,Tin Can Island,6046,10,17500,384.74134082254136,1198.0845353213938,D
V-2026-128,Maersk Camacari,Luanda,3351,5,0,185.4565395539257,577.5116641709246,B
V-2026-129,Maersk Herrera,Apapa,4187,5,0,203.9824967235869,635.2014947972496,B
V-2026-130,Maersk Herrera,Apapa,4431,11,21000,422.5719531502199,1315.8890621097846,D
V-2026-131,Maersk Hangzhou,Apapa,6246,13,28000,524.8442441728291,1634.3649763541898,D
V-2026-132,Maersk Herrera,Apapa,4927,17,42000,673.2202570272073,2096.4078803827233,E
V-2026-133,Maersk Camacari,Tin Can Island,4068,8,10500,326.7812884759323,1017.5969323140531,C
V-2026-134,Maersk Herrera,Apapa,6500,8,10500,312.0240391128225,971.6428577973292,C
V-2026-135,Maersk Hangzhou,Apapa,7552,10,17500,419.7667573696932,1307.1536824492246,D
V-2026-136,Maersk Hangzhou,Tema,5238,5,0,184.00336361746494,572.9864743047858,B
V-2026-137,Maersk Camacari,Luanda,5998,4,0,167.86005864908316,522.7162226332449,A
V-2026-138,Maersk Mc-Kinney,Apapa,8232,7,7000,273.816285005027,852.663911505654,C
V-2026-139,Maersk Mc-Kinney,Apapa,7887,17,42000,743.633992825251,2315.6762536578312,E
V-2026-140,Maersk Herrera,Tin Can Island,8036,16,38500,642.4377687782737,2000.5512119755442,E
V-2026-141,Maersk Mc-Kinney Moller,Apapa,7787,10,17500,447.31103492701044,1392.9265627627105,D
V-2026-142,Maersk Herrera,Apapa,6413,11,21000,451.2128935095056,1405.0769503886004,D
V-2026-143,Maersk Camacari,Apapa,3566,15,35000,558.577359885948,1739.409898684842,E
V-2026-144,Maersk Camacari,Apapa,6880,14,31500,605.0506891582229,1884.127846038706,E
V-2026-145,Maersk Camacari,Tema,4944,3,0,115.35247883467159,359.2076190911673,A
V-2026-146,Maersk Camacari,Apapa,6607,7,7000,269.33334501378783,838.7040363729353,C
V-2026-147,Maersk Camacari,Tema,8226,4,0,141.2721872594066,439.92159112579213,A
V-2026-148,Maersk Hangzhou,Tin Can Island,5873,7,7000,283.4100716445186,882.538963101031,C
V-2026-149,Maersk Mc-Kinney,Apapa,6469,17,42000,685.851995634529,2135.7431144059233,E
V-2026-150,Maersk Camacari,Tin Can Island,5046,17,42000,655.5185523262377,2041.2847719439042,E
